ADDITION,Batteries,Wed Apr 28 15:41:00 2021
ADDITION,Laptops,Wed Apr 28 15:41:14 2021
ADDITION,Monitors,Wed Apr 28 15:41:25 2021
ADDITION,Chargers,Wed Apr 28 15:41:42 2021
ADDITION,Batteries,Sun May 09 18:49:08 2021
ADDITION,Batteries,Tue May 11 02:34:07 2021
ADDITION,Batteries,Tue May 11 02:34:23 2021
ADDITION,Batteries,Tue May 11 02:34:50 2021
ADDITION,LAPTOPS,Tue May 11 09:02:24 2021
ADDITION,BATTERIES,Tue May 11 09:03:10 2021
EDIT,BATTERIES,Tue May 11 09:05:22 2021
DELETION,Battery,Tue May 11 09:05:38 2021
DELETION,LAPTOPS,Tue Jun 01 08:49:40 2021
ADDITION,BATTERIES,Tue Jun 01 08:50:00 2021
EDIT,BATTERIES,Tue Jun 01 10:41:55 2021
ADDITION,Juice,Tue Jun 01 10:46:15 2021
DELETION,Juice,Tue Jun 01 10:46:24 2021
DELETION,Battery,Tue Jun 01 10:52:51 2021
ADDITION,Batteries,Tue Jun 01 11:01:07 2021
PURCHASE,Batteries,Tue Jun 01 12:31:06 2021
ADDITION,Juicy,Tue Jun 01 14:17:06 2021
ADDITION,Wiat,Tue Jun 01 14:17:45 2021
ADDITION,Wait a minute,Tue Jun 01 14:18:45 2021
ADDITION,Beef Jerkey,Tue Jun 01 14:19:23 2021
ADDITION,Juice,Tue Jun 01 14:21:13 2021
ADDITION,Bag of Water,Tue Jun 01 14:21:21 2021
ADDITION,Bracelets,Tue Jun 01 14:21:33 2021
ADDITION,Juice Box,Tue Jun 01 14:22:09 2021
ADDITION,Batteries,Tue Jun 01 17:08:10 2021
ADDITION,Laptops,Tue Jun 01 17:08:24 2021
ADDITION,Batteries,Thu Jun 03 09:15:25 2021
ADDITION,Laptops,Thu Jun 03 09:15:52 2021
